# Name,   Type, SubType, Offset,  Size, Flags
# Note: Firmware partition offset needs to be 64K aligned, initial 36K (9 sectors) are reserved for bootloader and partition table
# Flash 16MB 配置：ota_0/ota_1 各 7.5MB，充分利用 ESP32-C6 16MB flash
esp_secure_cert,  0x3F, ,0xd000,    0x2000, encrypted
nvs,      data, nvs,     0x10000,   0x6000,
nvs_keys, data, nvs_keys,,          0x1000, encrypted
otadata,  data, ota,     ,          0x2000
phy_init, data, phy,     ,          0x1000,
ota_0,    app,  ota_0,   0x20000,   0x780000,
ota_1,    app,  ota_1,   0x7A0000,  0x780000,
fctry,    data, nvs,     0xF20000,  0x6000
